<?xml version="1.0" encoding="UTF-8" ?>
<!DOCTYPE mapper
  PUBLIC "-//mybatis.org//DTD Mapper 3.0//EN"
  "http://mybatis.org/dtd/mybatis-3-mapper.dtd">
<mapper namespace="com.example.mapper.BoardMapper">
	<select id="selectBoardList" parameterType="int" resultType="board">
		select * from (select ceil(rownum / 15) as pageNo, b.* from board_view b)
		where pageNo = #{num}
	</select>
	<select id="selectBoardCount" resultType="int">
		select count(*) from board_view
	</select>
	<select id="selectBoard" parameterType="int" resultType="board">
		select * from board_content_view where bno = #{bno}
	</select>
	<select id="selectFileList" parameterType="int" resultType="file">
		select * from board_file where bno = #{bno}
	</select>
	<update id="addBoardCount" parameterType="int">
		update board set bcount = bcount + 1 where bno = #{bno} 
	</update>
	<select id="selectComment" parameterType="int" resultType="comment">
		select * from board_comment_view where bno = #{bno}
	</select>
	<delete id="commentDelete" parameterType="int">
		delete from board_comment where cno = #{cno}
	</delete>
	<insert id="insertComment" parameterType="map">
		insert into board_comment values(board_comment_cno.nextval,#{content},sysdate,#{bno},#{writer})
	</insert>
	<select id="selectBoardNo" resultType="int">
		select BOARD_BNO.nextval from dual
	</select>
	<insert id="insertBoard" parameterType="board">
		insert into board(bno, title, writer,content, bcount )
		values(#{bno}, #{title}, #{writer}, #{content}, 0)
	</insert>
	<insert id="insertFileList" parameterType="file">
		insert into board_file(bno,fno,path)
		values(#{bno},#{fno},#{path})
	</insert>
	<select id="selectFile" parameterType="map" resultType="file">
		select bno, fno, path from board_file 
		where bno = #{bno} and fno = #{fno}
	</select>
	
	<insert id="insertBoardLike" parameterType="map">
		insert into board_like values(#{bno},#{id})
	</insert>
	<delete id="deleteBoardLike" parameterType="map">
		delete from board_like where bno = #{bno} and id = #{id}
	</delete>
	<insert id="insertBoardHate" parameterType="map">
		insert into board_hate values(#{bno},#{id})
	</insert>
	<delete id="deleteBoardHate" parameterType="map">
		delete from board_hate where bno = #{bno} and id = #{id}
	</delete>
	
	<insert id="insertCommentLike" parameterType="map">
		insert into board_comment_like values(#{cno},#{id})
	</insert>
	<delete id="deleteCommentLike" parameterType="map">
		delete from board_comment_like where cno = #{cno} and id = #{id}
	</delete>
	<insert id="insertCommentHate" parameterType="map">
		insert into board_comment_hate values(#{cno},#{id})
	</insert>
	<delete id="deleteCommentHate" parameterType="map">
		delete from board_comment_hate where cno = #{cno} and id = #{id}
	</delete>
	
	
</mapper>